编号,角色物品类型,名称,资源名称,检测目标的距离,近战攻击距离,远程攻击距离,位置,角度,缩放倍数,生命值,攻击力,防御力,攻速(技能释放速度),移速,移动持续时间（怪物属性，如果是0则表示一直移动）,"移动频率(怪物属性,两次移动间隔,为0表示一直移动)",闪避率,暴击率(0为不暴击),暴击伤害,移动方式(怪物属性1走2飞行),移动模式(怪物属性3原地不动1随机移动2朝向主角),"金币掉落数量(怪物属性,为0时死亡不会掉落金币)",爱心掉落概率(怪物属性)
string,string,string,string,number,number,number,string,string,string,number,number,number,number,number,number,number,number,number,number,number,number,number,number
ID,type,name,resName,searchRadius,nearAttackRadius,attackRadius,position,angle,scale,hp,attackPower,defensePower,attackSpeed,moveSpeed,moveDuration,moveFrequency,dodgeRate,criticalHitRate,criticalHitDamage,moveMode,movePattern,goldNum,heartDropRate
1001,player,玩家,player01,8,1.5,8,"-14.65,1.75,-0.82","0,-90,0","4,4,4",500,50,100,2,7,,,0.05,0.1,1.5, ,,,
2001,monster,蜘蛛,aula,10,1.5,10,"0,1.62,0","0,90,0","3,3,3",150,50,200,1,4,1,0.5,0.05,0.1,1.5,1,2,2,0.5
2002,monster,爆炸龙,boomDragon,10,1.5,10,"0,1.62,0","0,90,0","3,3,3",200,60,200,1,4,1,1.5,0.05,0.1,1.5,2,1,3,0.3
2003,monster,魔法师,magician,10,1.5,10,"0,1.62,0","0,90,0","5,5,5",260,70,200,1,4,1,2,0.05,0.1,1.5,1,1,4,0.3
2004,monster,地狱火,hellFire,10,1.5,10,"0,1.62,0","0,90,0","8,8,8",350,70,400,1,3,1,1,0.05,0.1,1.5,1,2,5,0.2
3001,boss,巨龙,dragon,10,1.5,10,"0,1.7,0","0,90,0","40,40,40",1000,110,500,2,7,1,1,0.05,0.3,3,2,1,20,0.3
4001,heart,大爱心,heartBig,,,,"1.285,2.2,5.148","0,-90,0","3,3,3",,,,,,,,,,,,,,
5001,npc,商人,businessMan,,,,"0,1.6,0","0,-90,0","4,4,4",,,,,,,,,,,,,,
5002,npc,贤者,wiseMan,,,,"0,1.6,0","0,-90,0","4,4,4",,,,,,,,,,,,,,
6001,obstacle,板凳,anObstacle,,,,"0,1.6,0","0,0,0","1.5,1.7,1.5",,,,,,,,,,,,,,
6002,obstacle,台柱,anObstacle01,,,,"0,1.6,0","0,0,0","1.5,1.5,1.5",,,,,,,,,,,,,,
6003,obstacle,水潭,anObstacle02,,,,"0,0,0","0,0,0","1,0.8,1",,,,,,,,,,,,,,
