技能ID(第一位用途(1形态2数值3buff4触发)第二三位分类第四五位等级),名称,说明,技能等级,预制体名称,技能icon名称,技能数值提升,价格,飞行速度
string,string,string,string,string,string,string,number,number
ID,name,desc,range,resName,icon,value,price,speed
10101,双重射击,向前同时射出2支箭矢（能多射一支箭，别怕，无消耗哒！）,101,arrowDouble,arrowDouble,,80,
10201,连续射击,向前先后射出2支箭矢（别问，我也不知道怎么先后射两支）,102,,arrContinuous,,80,
10301,伞形射击,向前两侧多射出2支箭矢（哪吒看了都直呼内行！）,103,arrowUmbrella,arrowUmbrella,,80,
10401,反向射击,向后多射出1支箭矢（你怎么不用枪？嗯 ？）,104,arrowReverse,arrowReverse,,80,
10501,侧面射击,向左右各多射出1支箭矢（不要问我有几双手！）,105,arrowSide,arrowSide,,80,
10601,穿透,箭矢攻击敌人后会穿透并继续飞行（太残暴了！不过，明明穿过巨龙为什么不加伤害？）,106,,arrowPenetrate,,80,
10701,唱,唱歌歌~咿呀咿呀哟~,107,,sing,,,
10702,跳,跳舞舞啦~啦啦啦~（别问为什么跳不起来，致敬星铁好吧）,108,,dance,,,
10703,RAP,哟哟~不稀罕富婆给的金币，我自有我的实力！,109,,rap,,,
20101,攻击1,提升角色少量攻击力（不要问为啥没有提升防御力的buff）,201,,raiseAttack01,10,70,
20102,攻击2,提升角色大量攻击力（比少量攻击力多5点）,201,,raiseAttack02,20,70,
20201,闪避,提升角色少量闪避率（当你拿到10个闪避BUFF，就不用走位啦~）,202,,raiseDodge,0.1,70,
20301,暴击+爆伤1,提升角色少量暴击率和暴击伤害（红字的伤害有谁不爱呢 ？）,203,,raiseCriticalHitDamage01,0.1#0.2,70,
20302,暴击+爆伤2,提升角色大量暴击率和暴击伤害（红字的伤害有谁不爱呢 ？）,203,,raiseCriticalHitDamage02,0.2#0.4,70,
20401,攻速提升1,提升角色少量攻击速度（多拿几个，火云邪神都接不住你的箭）,204,,raiseAttackSpeed01,0.2,70,
20402,攻速提升2,提升角色大量攻击速度（多打一下就相当于打多了一下）,204,,raiseAttackSpeed02,0.5,70,
20501,生命,提升角色生命上限（从心者的最爱）,205,,raiseHpLimit,100,100,
20601,回复,回复角色当前生命值（嘿嘿）,206,,recovery,1,50,
20701,移动,提升角色少量移动速度（亚索也追不上我）,207,,moveSpeed,1,70,
30101,冰冻,受击的敌人会降低攻击速度和移动速度（旺旺碎冰冰）,301,arrowIce,arrowice,,100,
30201,灼烧,受击的敌人会受到灼烧伤害（什么叫做火属性伤害，嗯？）,302,arrowFire,arrowFire,,100,
40101,闪电,受击的敌人会向周围敌人发射闪电（杨叫兽同款）,401,arrowLightning,arrowLightning,,100,
40201,嗜血,击杀敌人时回复一定生命值（其实就是20点）,402,,bloodthirsty,,120,
